,Res. Name 1,Res. Number 1,Chain 1,Res. Name 2,Res. Number 2,Chain 2,Atom 1,Atom 2,Distance (Å),Theta °,H Atom
0,G,5,A,THR,1,B,O2',CG2,3.2174681039600066 *,122.54417548040544,HG23
1,G,6,A,THR,1,B,OP2,CG2,3.364415848256573,138.5269939201132,HG23
2,G,6,A,THR,1,B,O5',CG2,3.3589292936886896,126.30644273243267,HG23
3,C,22,A,ARG,2,B,OP2,CG,3.3089486245633988,129.09370355525886,HG3
4,G,6,A,GLN,3,B,O6,CG,3.480877188296077,123.63656811506215,HG2
5,A,7,A,GLN,3,B,N7,CG,3.475863345990461,140.95227185571633,HG2
6,G,5,A,ALA,4,B,O2',CB,3.1389471164707445 *,132.757313938912,HB1
7,G,5,A,ASN,7,B,N7,CB,3.0659148716166276 *,110.93589297623643,HB3
8,G,5,A,ASN,7,B,O6,CB,3.344761426469757,115.6392019105009,HB3
9,U,4,A,ARG,8,B,OP1,CG,3.4397459208493872,126.0984521745767,HG3
10,G,24,A,ARG,9,B,OP1,CG,3.1587397803554507 *,118.89347479849235,HG2
11,A,28,A,ARG,10,B,N3,CD,3.54938501715438,144.22630456468994,HD2
12,C,3,A,ARG,11,B,OP2,CG,2.9462045074977405 *,113.60835236685288,HG2
13,C,3,A,ARG,11,B,OP2,CD,3.3128795631595183,116.51327069714775,HD3
14,U,4,A,ARG,11,B,O4,CD,3.552988319710607,117.99400134718913,HD3
15,A,29,A,GLU,14,B,N7,CG,3.494510123035845,124.70438665029523,HG3
