,Res. Name 1,Res. Number 1,Chain 1,Res. Name 2,Res. Number 2,Chain 2,Atom 1,Atom 2,Distance (Å),Theta °,H Atom
0,A,28,A,GLN,3,B,C2,OE1,3.2290706093239896,121.03355401153878,H2
1,A,7,A,THR,1,B,OP2,CG2,3.386179262827058,119.06072073880351,HG21
2,C,22,A,ARG,2,B,OP2,CB,3.251821797085443,139.0718194851085,HB2
3,U,23,A,ARG,2,B,OP2,CG,3.2667858821783833,114.25775512367959,HG2
4,C,22,A,ARG,2,B,OP2,CD,3.2869528442008407,129.1229050000239,HD3
5,G,6,A,GLN,3,B,N7,CG,3.5935535337601414,111.78364521150634,HG3
6,G,6,A,GLN,3,B,O6,CG,3.053116604389685 *,127.54203095322994,HG2
7,G,5,A,ALA,4,B,OP2,CB,3.150724519852537 *,137.95721759130592,HB3
8,G,5,A,ALA,4,B,O5',CB,3.4590128649659575,155.2753253601041,HB3
9,U,23,A,ARG,6,B,O4,CD,3.476160237963722,141.86335840563186,HD2
10,G,24,A,ARG,9,B,OP2,CB,3.4924908017058547,120.08434223173529,HB3
11,U,4,A,ARG,11,B,OP2,CD,3.4486713383562657,146.88231728366668,HD2
12,A,29,A,GLU,14,B,N7,CB,3.3088600756151654,128.26382497415077,HB3
