,Res. Name 1,Res. Number 1,Chain 1,Res. Name 2,Res. Number 2,Chain 2,Atom 1,Atom 2,Distance (Å),Theta °,H Atom
0,U,23,A,GLN,3,B,C5,OE1,3.4378017685724696,110.49765834280828,H5
1,A,7,A,THR,1,B,OP2,CB,3.5021042246055445,132.99693602337976,HB
2,C,22,A,ARG,2,B,OP2,CD,3.413176233363874,158.07219733544676,HD2
3,A,7,A,GLN,3,B,N7,CB,3.5802092117640276,118.56315236721417,HB2
4,A,7,A,GLN,3,B,N7,CG,3.296350102765178,112.00500254401511,HG2
5,G,5,A,ALA,4,B,O2',CB,3.3623643467060496,134.90955957438342,HB1
6,G,5,A,ASN,7,B,N7,CB,3.4006647879495557,124.36432803541135,HB3
7,G,5,A,ASN,7,B,O6,CB,3.4043774761327508,122.2406922903113,HB3
8,U,4,A,ARG,8,B,OP1,CD,3.2634060427718765,128.70939601629817,HD2
9,U,4,A,ARG,8,B,OP2,CD,3.2639102316087065,125.7711188280364,HD3
10,C,3,A,ARG,11,B,OP1,CB,3.5774077206826735,145.99530001193617,HB3
11,C,3,A,ARG,11,B,OP2,CB,3.239404574918052,139.130098447412,HB3
12,C,3,A,ARG,11,B,OP2,CD,3.115974807343602 *,132.84923966514268,HD3
13,A,29,A,GLU,14,B,O4',CG,3.550862008020025,126.98566716316643,HG3
