,Res. Name 1,Res. Number 1,Chain 1,Res. Name 2,Res. Number 2,Chain 2,Distance (Å),Theta °,Gamma °
0,TRP,11,A,TRP,13,B,4.108663685914271,15.267957133746371,76.8646259713469
1,TRP,13,A,TRP,11,B,4.695021266337163,60.755772963986225,86.20782167574328
2,TYR,44,A,TYR,44,B,4.662142449799473,41.97534159986369,77.6330094227648
