,Res. Name 1,Res. Number 1,Chain 1,Res. Name 2,Res. Number 2,Chain 2,Atom 1,Atom 2,Distance (Å),Theta °,H Atom
0,GLN,10,A,TRP,11,B,CA,O,3.2730566753418753,132.25111393953432,HA
1,PRO,45,A,PRO,41,B,CD,O,3.401264470752006,153.8818010490948,HD3
2,VAL,84,A,GLN,344,B,CG1,O,3.432870518968045,143.17916530706123,HG12
3,ALA,88,A,GLY,86,B,CA,O,3.233589336944311,123.18160840081448,HA
4,LYS,338,A,GLU,345,B,CG,OE1,3.2731788829821054,146.11232126780072,HG2
5,TRP,11,A,GLN,10,B,O,CA,3.4461137532008315,117.22958577664924,HA
6,TRP,11,A,GLN,10,B,O,CB,3.5244432184388943,128.45233595770037,HB3
7,PRO,9,A,SER,12,B,O,CA,3.453071096864355,150.31557629472007,HA
8,GLN,23,A,LEU,24,B,OE1,CD2,3.5100000000000064,167.21107687152522,HD23
9,PRO,41,A,PRO,45,B,O,CD,3.5678845272794324,148.47390180110952,HD3
10,GLN,344,A,VAL,84,B,O,CG1,3.4102492577522914,158.42036321529622,HG13
11,THR,351,A,ARG,282,B,O,CA,3.5800558654859036,130.1200194314411,HA
12,THR,351,A,ARG,282,B,O,CB,3.37592950163359,116.84943638268732,HB3
13,THR,351,A,ARG,282,B,O,CG,3.5515911926909576,112.39307499821827,HG2
14,GLU,345,A,LYS,338,B,OE1,CD,3.261426068455333,128.43891058767977,HD2
15,GLU,346,A,LYS,338,B,OE2,CE,3.2961796067568896,112.58993172276499,HE2
16,ARG,282,A,GLN,350,B,O,CA,3.263571663071001,149.42321018124974,HA
