,Res. Name 1,Res. Number 1,Chain 1,Res. Name 2,Res. Number 2,Chain 2,Atom 1,Atom 2,Distance (Å),Theta °,H Atom
0,GLN,10,A,TRP,11,B,CA,O,3.191908676638479 *,142.56175744408569,HA
1,PRO,45,A,PRO,41,B,CD,O,3.546085588363592,142.6601654612232,HD3
2,THR,56,A,GLU,82,B,CG2,O,3.5585113460546887,127.11916209021985,HG21
3,PRO,85,A,PRO,51,B,CB,O,3.3524916107277662,131.1016984526024,HB3
4,PRO,85,A,PRO,51,B,CG,O,3.334837627231651,110.98964761041776,HG3
5,PRO,85,A,THR,56,B,CG,O,3.531099262269466,174.05194049281644,HG2
6,ALA,88,A,GLY,86,B,CB,O,3.487546558829008,128.8858499899066,HB3
7,PHE,165,A,GLN,350,B,CE2,OE1,3.556324085344301,147.36714513593898,HE2
8,PRO,173,A,GLN,127,B,CG,OE1,3.303089765658809,158.47405676050272,HG3
9,ARG,282,A,THR,351,B,CA,O,3.5830159084212867,122.21631996880946,HA
10,ARG,282,A,THR,351,B,CG,O,3.0031553406375777 *,127.1960379515915,HG3
11,LYS,338,A,GLU,345,B,CG,OE1,3.5303005537772534,151.1866779504893,HG2
12,LYS,338,A,GLU,346,B,CE,OE1,3.0587613506123645 *,113.21127796414896,HE3
13,TYR,349,A,LEU,171,B,CB,O,3.552779334549227,115.24724128825821,HB3
14,GLN,350,A,ARG,282,B,CA,O,3.3997971998341385,133.10991760073128,HA
15,TRP,11,A,GLN,10,B,O,CB,3.302786853552606,130.00247966618696,HB3
16,PRO,9,A,SER,12,B,O,CA,3.413590485105084,147.362386272179,HA
17,PRO,41,A,PRO,45,B,O,CD,3.481594749536486,151.43071866295395,HD3
18,GLU,82,A,THR,56,B,O,CG2,3.4191550125725603,124.47740763416763,HG23
19,PRO,85,A,HIS,59,B,O,CD2,3.3972194512571665,137.83471645891603,HD2
20,GLN,350,A,PHE,165,B,OE1,CE2,3.5578955858765764,157.73203858084662,HE2
21,SER,347,A,PRO,173,B,O,CD,3.0758545154151884 *,121.24949366054805,HD2
22,THR,351,A,ARG,282,B,O,CA,3.3034830103997783,131.47544364229694,HA
23,THR,351,A,ARG,282,B,O,CG,3.356665160542531,115.76706089287711,HG2
24,PHE,283,A,TYR,349,B,O,CD2,3.182775675412901 *,129.77947877053026,HD2
25,PHE,283,A,TYR,349,B,O,CE2,3.39253312437772,117.65622044156538,HE2
