,Res. Name 1,Res. Number 1,Chain 1,Res. Name 2,Res. Number 2,Chain 2,Distance (Å),Theta °,Gamma °
0,TRP,11,A,TRP,13,B,4.520414603239974,36.1755936585861,83.0051599509944
1,TRP,13,A,TRP,11,B,4.442669152382445,42.12916554803824,81.97236924041722
2,TYR,44,A,TYR,44,B,3.8416904663037066,28.035505547545455,74.92542550206423
