,Res. Name 1,Res. Number 1,Chain 1,Res. Name 2,Res. Number 2,Chain 2,Atom 1,Atom 2,Distance (Å),Theta °,H Atom
0,A,28,A,ASN,7,B,C2,OD1,3.405687155332973,134.1311500604846,H2
1,G,6,A,THR,1,B,OP2,CG2,3.408847459186169,159.45685989642124,HG21
2,C,22,A,ARG,2,B,OP2,CB,3.2162453264637625 *,138.09284014891972,HB2
3,U,23,A,ARG,2,B,OP2,CG,3.556686379201855,111.03800970064405,HG2
4,C,22,A,ARG,2,B,OP2,CD,3.0107575458678153 *,125.81472330994542,HD3
5,A,7,A,GLN,3,B,N7,CG,3.4266644130991297,119.15873184447302,HG3
6,G,5,A,ALA,4,B,OP2,CB,3.0896972343580846 *,114.1140117244024,HB3
7,G,5,A,ALA,4,B,O5',CB,3.241651739468631,155.3321588403566,HB3
8,G,5,A,ALA,4,B,O2',CB,3.5434438051138892,111.62532382310151,HB1
9,U,23,A,ARG,5,B,OP2,CB,3.4742593455296333,110.26129878938515,HB2
10,U,23,A,ARG,6,B,O2',CA,3.38713728685449,133.56960885198686,HA
11,U,23,A,ARG,6,B,O4,CD,3.499236202373312,122.16715573910386,HD3
12,G,27,A,ARG,6,B,O6,CD,3.3188149993634775,129.99610042062662,HD3
13,G,5,A,ASN,7,B,N7,CB,3.189582731330228 *,121.97645803423438,HB3
14,G,5,A,ASN,7,B,O6,CB,3.3141214522102236,126.7810401324806,HB3
15,G,5,A,ARG,8,B,OP2,CB,3.1826638213923886 *,145.22109575762627,HB2
16,U,4,A,ARG,8,B,O5',CG,3.3383178398708533,143.73714398910047,HG2
17,U,23,A,ARG,9,B,O2',CB,3.3125799612990474,149.6448230552839,HB3
18,U,23,A,ARG,9,B,O3',CG,3.5544941974913953,118.63298858746418,HG3
19,G,24,A,ARG,9,B,OP1,CG,3.5212794549708777,158.3842995790129,HG3
20,G,24,A,ARG,9,B,OP2,CG,3.33374099173886,138.09309422889356,HG3
21,C,3,A,ARG,11,B,OP2,CD,3.389732880331428,149.92524955705426,HD3
22,U,4,A,ARG,11,B,O4,CD,3.529189850376429,169.77356616205043,HD2
