,Res. Name 1,Res. Number 1,Chain 1,Res. Name 2,Res. Number 2,Chain 2,Atom 1,Atom 2,Distance (Å),Theta °,H Atom
0,A,7,A,THR,1,B,OP2,CB,3.0783589784169094 *,119.42213473555927,HB
1,A,7,A,THR,1,B,OP2,CG2,2.9550155667948683 *,116.07642260687103,HG22
2,C,22,A,ARG,2,B,OP2,CB,3.232233593043672,139.28802536700786,HB2
3,C,22,A,ARG,2,B,OP2,CD,3.1650053712434674 *,139.41281984997934,HD2
4,A,7,A,GLN,3,B,N7,CG,3.287827550222183,142.971949306606,HG2
5,G,5,A,ALA,4,B,OP2,CB,3.1373729456346107 *,126.07550003215844,HB3
6,G,5,A,ALA,4,B,O5',CB,3.3619002067283312,170.31966791565384,HB3
7,G,5,A,ALA,4,B,O2',CB,3.293658907658776,113.49883698505685,HB1
8,U,23,A,ARG,5,B,OP2,CD,3.466985145627249,130.4659585181758,HD2
9,U,23,A,ARG,6,B,O4,CD,3.3133774309607413,163.42841934973853,HD2
10,G,5,A,ASN,7,B,N7,CB,2.9671727283729203 *,117.57530528752014,HB3
11,G,5,A,ARG,8,B,OP2,CB,3.226160721352859,128.36663160966955,HB2
12,C,3,A,ARG,11,B,OP2,CD,3.5762337731194247,169.375859665032,HD3
13,U,4,A,ARG,11,B,OP2,CD,3.236032910833881,148.4344361013632,HD2
14,G,24,A,ARG,13,B,OP1,CD,3.470980553100234,138.90461367679475,HD3
15,A,29,A,GLU,14,B,N7,CB,3.5927606377269288,117.64514034573271,HB3
