,Res. Name 1,Res. Number 1,Chain 1,Res. Name 2,Res. Number 2,Chain 2,Atom 1,Atom 2,Distance (Å),Theta °,H Atom
0,GLN,10,A,TRP,11,B,CA,O,3.2415274177461444,127.09079048728375,HA
1,GLN,10,A,TRP,11,B,CB,O,3.3179511750476327,124.79750454548599,HB3
2,PRO,173,A,GLN,127,B,CG,OE1,3.5159209319892195,142.49389912758113,HG3
3,TRP,341,A,GLU,345,B,CB,OE2,3.560954928105656,129.84343710798913,HB2
4,TYR,349,A,LEU,171,B,CB,O,3.354191407776233,129.7948360346397,HB3
5,PRO,9,A,SER,12,B,O,CA,3.5715122847331693,144.24734314317757,HA
6,GLN,23,A,LEU,20,B,OE1,CB,3.454272716506324,159.13139947922218,HB3
7,ALA,27,A,PHE,31,B,O,CE2,3.52035509572544,128.56960645792196,HE2
8,PRO,41,A,PRO,45,B,O,CD,3.472592691347484,155.23086605606318,HD3
9,GLU,82,A,THR,54,B,OE2,CG2,3.4414531814336784,127.2336793952922,HG22
10,MET,83,A,THR,56,B,O,CG2,3.552379484233064,142.40644019740233,HG23
11,PRO,85,A,HIS,59,B,O,CD2,3.5584406697316155,128.64050620456516,HD2
12,GLU,345,A,VAL,84,B,O,CG2,3.560196623783577,145.25041135866974,HG22
13,GLY,86,A,ALA,88,B,O,CA,3.3675064959105776,134.7270863994024,HA
14,GLY,86,A,ALA,88,B,O,CB,3.3142419947855353,110.67728915354965,HB1
15,GLN,350,A,PHE,165,B,OE1,CE2,3.4540845386295937,172.27471758424144,HE2
16,THR,351,A,ARG,282,B,O,CG,3.3526854907670596,120.96498418565976,HG2
17,GLU,345,A,LYS,338,B,OE1,CD,3.460216756216289,112.98305794977016,HD2
18,LEU,171,A,ARG,348,B,O,CA,3.289422441706147,151.86322916711478,HA
19,ARG,282,A,GLN,350,B,O,CA,3.325492444736569,148.94763641214223,HA
