,Res. Name 1,Res. Number 1,Chain 1,Res. Name 2,Res. Number 2,Chain 2,Distance (Å),Theta °,Gamma °
0,TRP,11,A,TRP,13,B,5.03449692216207,32.12806909349642,82.02350027115916
1,PHE,31,A,PHE,31,B,5.4952590677985675,28.67838984685395,84.06426826402608
2,TYR,44,A,TYR,44,B,4.512086853970985,45.33889666958797,77.25701873262207
