,Res. Name 1,Res. Number 1,Chain 1,Res. Name 2,Res. Number 2,Chain 2,Distance (Å),Theta °,Gamma °
0,TRP,11,A,TRP,13,B,3.8820663964147726,34.46543529453189,75.577115701237
1,PHE,31,A,PHE,31,B,4.959817985011609,43.93308543916738,78.7279409520684
2,TYR,44,A,TYR,44,B,4.501947109615773,41.41851004506453,77.22756226656757
