,Res. Name 1,Res. Number 1,Chain 1,Res. Name 2,Res. Number 2,Chain 2,Atom 1,Atom 2,Distance (Å),Theta °,H Atom
0,GLN,10,A,TRP,11,B,CA,O,3.2063062860556593 *,137.5540993666428,HA
1,VAL,84,A,HIS,59,B,CG1,NE2,3.5174706821805914,133.52931301937585,HG11
2,PRO,85,A,ASP,52,B,CB,OD1,3.454576674500074,129.47539497906013,HB3
3,PRO,85,A,PRO,57,B,CG,O,3.5692436173508715,136.25693240886804,HG2
4,ALA,88,A,GLY,86,B,CA,O,3.3534012584240545,135.26949347143423,HA
5,PRO,173,A,SER,347,B,CD,O,3.498999857102023,124.61665314964266,HD3
6,TRP,341,A,GLU,345,B,CB,OE2,3.4582943772906374,118.40820730785191,HB2
7,TYR,349,A,LEU,171,B,CB,O,3.3516115526713373,112.4988751593565,HB3
8,GLN,350,A,ARG,282,B,CA,O,3.52205905685864,153.782473581967,HA
9,TRP,11,A,GLN,10,B,O,CB,3.4260910670908937,133.69748254243163,HB3
10,CYS,16,A,TRP,11,B,SG,CE3,3.508005131125107,122.29489415815439,HE3
11,PRO,9,A,SER,12,B,O,CA,3.35234246460591,158.25568799958407,HA
12,PRO,41,A,PRO,45,B,O,CD,3.4655158346197057,143.31173540845856,HD3
13,SER,81,A,PRO,51,B,O,CB,3.042137406495634 *,121.11422740319703,HB2
14,GLU,82,A,THR,54,B,OE1,CG2,3.550014084479105,156.75563813273357,HG22
15,PRO,51,A,PRO,85,B,O,CB,3.4832886759497796,139.61287310301694,HB3
16,GLY,86,A,ALA,88,B,O,CA,3.556191783354773,135.8517825891776,HA
17,GLN,350,A,PHE,165,B,OE1,CE2,3.4487099037176123,162.3858354962387,HE2
18,THR,351,A,ARG,282,B,O,CG,3.312853754695495,128.54913912547408,HG2
19,GLN,350,A,PHE,283,B,OE1,CE1,3.3507909514023835,153.44273560441277,HE1
20,LEU,171,A,ARG,348,B,O,CA,3.5290508639009466,140.6316667610111,HA
21,LEU,171,A,TYR,349,B,O,CB,3.393346430884995,122.79586463984903,HB3
