,Res. Name 1,Res. Number 1,Chain 1,Res. Name 2,Res. Number 2,Chain 2,Atom 1,Atom 2,Distance (Å),Theta °,H Atom
0,U,23,A,ARG,2,B,C5,O,3.2485701470031394,137.382238747201,H5
1,A,28,A,GLN,3,B,C2,OE1,3.107144026272358 *,132.96664267943078,H2
2,A,29,A,GLU,14,B,C1',OE2,3.326108537014389,126.19917088236384,H1'
3,G,6,A,THR,1,B,OP2,CG2,3.1428440941287565 *,128.09473897727676,HG21
4,A,7,A,THR,1,B,OP2,CG2,3.2207828240972725,125.41262294877804,HG23
5,C,22,A,ARG,2,B,OP2,CB,3.1487014783875593 *,129.43777149044124,HB2
6,C,22,A,ARG,2,B,OP2,CG,3.0982772632545332 *,110.62197967145416,HG3
7,U,23,A,ARG,2,B,OP2,CG,3.41139619510839,114.96607000898136,HG3
8,A,7,A,GLN,3,B,N7,CG,3.320064306606124,141.89088861020142,HG3
9,G,5,A,ALA,4,B,O2',CA,3.2197498350027134 *,115.22765500878107,HA
10,G,5,A,ALA,4,B,O5',CB,3.319438657363621,169.00538645023192,HB3
11,U,23,A,ARG,5,B,OP1,CD,3.51810986184343,146.1131771138374,HD3
12,U,23,A,ARG,6,B,O2',CA,3.4483883192007245,163.57224518710214,HA
13,U,23,A,ARG,6,B,O4,CD,3.3444361258663617,143.21864100877704,HD2
14,U,4,A,ARG,8,B,OP2,CD,3.3255835578135757,129.68511797947895,HD3
15,U,4,A,ARG,8,B,O5',CD,3.419228860430375,127.96999497405564,HD3
16,U,23,A,ARG,9,B,O2',CB,3.5414026882013867,129.70552441301274,HB3
17,G,24,A,ARG,9,B,OP1,CB,3.004081556815659 *,111.96264851643258,HB2
18,G,24,A,ARG,9,B,OP2,CB,3.2918016343637717,136.66101434523614,HB2
19,U,23,A,ARG,9,B,O2',CG,3.3458794060754795,121.71637277132041,HG2
20,G,24,A,ARG,9,B,OP2,CG,3.486130519644955,112.02930419009412,HG2
21,A,29,A,ARG,10,B,N3,CB,3.50497960051125,145.6311887299309,HB3
22,C,3,A,ARG,15,B,OP1,CG,3.4238371748668186,131.25608906235084,HG3
