,Res. Name 1,Res. Number 1,Chain 1,Res. Name 2,Res. Number 2,Chain 2,Distance (Å),Theta °,Gamma °
0,TRP,11,A,TRP,13,B,4.0096637893598635,18.22624733103098,78.54205623269762
1,TRP,13,A,TRP,11,B,4.98803717055263,77.22517982477927,87.96456326684702
2,PHE,31,A,PHE,31,B,5.207433788985376,31.576431445556295,82.3352643376074
3,TYR,44,A,TYR,44,B,4.341710172526749,36.44007482289129,77.32658037559527
