,Res. Name 1,Res. Number 1,Chain 1,Res. Name 2,Res. Number 2,Chain 2,Atom 1,Atom 2,Distance (Å),Theta °,H Atom
0,SER,12,A,GLN,10,B,CB,OE1,3.5834480601789083,151.01205083693497,HB3
1,GLU,172,A,SER,347,B,CB,O,3.4880080275136898,125.9555772012199,HB2
2,PRO,173,A,SER,347,B,CD,O,3.521036779131961,112.38248795447372,HD3
3,THR,324,A,GLN,127,B,CG2,OE1,3.412908730101053,144.11277552481278,HG21
4,LYS,338,A,GLU,345,B,CG,OE1,3.539463236141889,158.05072636402397,HG2
5,TYR,349,A,LEU,171,B,CB,O,3.5418356822416257,120.39664249578438,HB3
6,GLN,350,A,ARG,282,B,CA,O,3.4051284850942185,150.18965467430763,HA
7,TRP,11,A,GLN,10,B,O,CB,3.469899133980706,141.81057831425264,HB3
8,PRO,9,A,SER,12,B,O,CA,3.5714142856857154,145.35767135635604,HA
9,SER,81,A,PRO,51,B,O,CB,3.3417360757546257,126.57908607653167,HB3
10,GLU,82,A,THR,56,B,O,CG2,3.471094928117056,122.37904940275689,HG23
11,PRO,51,A,PRO,85,B,O,CB,3.407139562741742,124.7965152876792,HB3
12,GLY,86,A,ALA,88,B,O,CA,3.4902292188336297,127.03832480302833,HA
13,THR,351,A,ARG,282,B,O,CB,3.3895427420228805,111.59575543195523,HB3
14,THR,351,A,ARG,282,B,O,CG,3.3075368478673126,131.43856085073625,HG2
15,GLN,350,A,PHE,283,B,OE1,CE1,3.4667852543819264,145.5281319179226,HE1
16,LEU,171,A,ARG,348,B,O,CA,3.478318559304191,145.59658456827287,HA
17,ARG,282,A,GLN,350,B,O,CA,3.566637071528309,142.72179650945444,HA
