,Res. Name 1,Res. Number 1,Chain 1,Res. Name 2,Res. Number 2,Chain 2,Distance (Å),Theta °,Gamma °
0,TRP,11,A,TRP,13,B,4.891660956523895,18.513549587657746,83.37016295605468
1,TRP,13,A,TRP,11,B,5.008375824063274,62.67498890518988,86.23671753703321
2,PHE,31,A,PHE,31,B,5.166999451648247,9.859132807845736,84.5487596878167
3,TYR,44,A,TYR,44,B,3.7632908914051986,25.593434904546072,75.31713136263778
