,Res. Name 1,Res. Number 1,Chain 1,Res. Name 2,Res. Number 2,Chain 2,Atom 1,Atom 2,Distance (Å),Theta °,H Atom
0,GLN,10,A,TRP,11,B,CA,O,3.354415001158924,121.58596074852107,HA
1,GLN,10,A,TRP,11,B,CB,O,3.5331289249049487,110.68845559232834,HB3
2,VAL,84,A,GLN,344,B,CG1,O,3.246860021620885,137.62182833060723,HG12
3,ALA,88,A,GLY,86,B,CA,O,3.448419928025004,113.71390921730845,HA
4,ALA,88,A,GLY,86,B,CB,O,3.275866297637923,143.22150512715876,HB2
5,PHE,165,A,GLN,350,B,CE2,OE1,3.4315885534253616,146.9554948146315,HE2
6,GLU,172,A,SER,347,B,CG,O,3.4701584978210964,155.48738676793866,HG3
7,ARG,282,A,THR,351,B,CA,O,3.4538384443977725,132.49786497193978,HA
8,ARG,282,A,THR,351,B,CB,O,3.4984710946354767,111.67895395688353,HB3
9,TRP,341,A,GLU,345,B,CZ3,O,3.480316077599851,110.83481483244299,HZ3
10,GLN,350,A,ARG,282,B,CA,O,3.512193047086112,138.19976625404746,HA
11,TRP,11,A,GLN,10,B,O,CB,3.3053895383146545,129.59121386464494,HB3
12,PRO,41,A,PRO,45,B,O,CD,3.4104984972874512,150.17040692447415,HD3
13,SER,81,A,PRO,51,B,O,CB,3.488223043327361,150.57773787696107,HB3
14,GLU,82,A,THR,54,B,OE2,CG2,3.5858750675393014,121.35096445374617,HG23
15,GLU,82,A,THR,56,B,O,CG2,3.577569007021374,120.21492612986285,HG23
16,GLN,344,A,VAL,84,B,O,CG2,3.5189913327543145,139.46280943031076,HG22
17,GLN,344,A,THR,87,B,OE1,CG2,3.556796311289123,120.20627135417162,HG22
18,GLN,350,A,PHE,165,B,OE1,CE2,3.2951176003293052,158.68404191881135,HE2
19,THR,351,A,ARG,282,B,O,CG,3.2131137546000392 *,118.50263058374647,HG2
20,GLN,350,A,PHE,283,B,OE1,CE1,3.3161875700870644,158.75507866870885,HE1
21,GLU,345,A,LYS,338,B,OE1,CD,3.3915925462826477,136.65168161214683,HD2
22,GLU,345,A,TRP,341,B,O,CZ3,3.4975848810286303,130.3189154464667,HZ3
23,LEU,171,A,ARG,348,B,O,CA,3.5066508237918406,149.48852672690836,HA
24,LEU,171,A,TYR,349,B,O,CB,3.5237763833705453,133.86563836889692,HB3
25,ARG,282,A,GLN,350,B,O,CG,3.5804608641905364,127.45850806627044,HG3
