,Res. Name 1,Res. Number 1,Chain 1,Res. Name 2,Res. Number 2,Chain 2,Distance (Å),Theta °,Gamma °
0,TRP,11,A,TRP,13,B,5.262908176012181,43.608081828441996,84.37801786789771
1,TRP,13,A,TRP,11,B,4.2881959716596665,44.09610512861644,79.70793664178946
2,TYR,44,A,TYR,44,B,4.205985813892695,35.13124092606891,76.38125229641385
