,Res. Name 1,Res. Number 1,Chain 1,Res. Name 2,Res. Number 2,Chain 2,Atom 1,Atom 2,Distance (Å),Theta °,H Atom
0,GLN,10,A,TRP,11,B,CA,O,3.150079364079571 *,132.5056265748901,HA
1,TRP,11,A,CYS,16,B,CE3,SG,3.471109332763819 *,119.38724115644068,HE3
2,GLN,23,A,GLN,23,B,CG,OE1,3.4501304323170197,135.94378302190216,HG2
3,PRO,45,A,PRO,41,B,CD,O,3.158179855549708 *,126.96958779635513,HD3
4,THR,56,A,GLU,82,B,CG2,O,3.5401977345905435,132.79100409667404,HG21
5,VAL,84,A,GLN,344,B,CG1,O,3.537272960912121,137.72286599348053,HG12
6,ALA,88,A,GLY,86,B,CB,O,3.023408672343191 *,122.92645869307192,HB3
7,PRO,173,A,SER,347,B,CD,O,3.57980446393376,131.27751671657725,HD2
8,TYR,349,A,LEU,171,B,CB,O,3.160727764297329 *,110.51947358865695,HB3
9,GLN,350,A,ARG,282,B,CA,O,3.21605348214236 *,147.88983439675798,HA
10,TRP,11,A,GLN,10,B,O,CB,3.308897097221349,129.20483702994937,HB3
11,PRO,9,A,SER,12,B,O,CA,3.329699686157903,147.1277364155462,HA
12,PRO,41,A,PRO,45,B,O,CD,3.4731397898731236,139.82108399629428,HD3
13,GLU,82,A,THR,56,B,O,CG2,3.2556719736484574,112.18265464523178,HG23
14,PRO,85,A,HIS,59,B,O,CD2,3.3348163367717927,128.05649604030143,HD2
15,ASP,52,A,PRO,85,B,OD1,CB,3.3986173659298506,147.0517960780896,HB3
16,GLY,86,A,ALA,88,B,O,CB,3.5276762890038524,144.4249202856077,HB2
17,SER,347,A,PRO,173,B,O,CD,3.419078823308998,111.47936887489719,HD3
18,THR,351,A,ARG,282,B,O,CA,3.4415839376659103,129.57906752073984,HA
19,THR,351,A,ARG,282,B,O,CG,3.1454570415124015 *,114.9401097332427,HG2
20,LEU,171,A,TYR,349,B,O,CB,3.1981557185352925 *,128.5472462049376,HB3
21,PHE,283,A,TYR,349,B,O,CD2,3.5933828073279432,142.97250403359615,HD2
22,ARG,282,A,GLN,350,B,O,CA,3.5765206556093077,137.27418447928284,HA
