,Res. Name 1,Res. Number 1,Chain 1,Res. Name 2,Res. Number 2,Chain 2,Atom 1,Atom 2,Distance (Å),Theta °,H Atom
0,GLN,10,A,TRP,11,B,CA,O,3.2204968560767107,126.04343366508394,HA
1,GLN,10,A,TRP,11,B,CB,O,3.3459378356448957,125.87197800632873,HB3
2,SER,12,A,PRO,9,B,CA,O,3.374048013884792,152.3924784559455,HA
3,LEU,20,A,GLN,23,B,CA,OE1,3.4333802585790036,138.8713229459678,HA
4,GLN,23,A,GLN,23,B,CB,OE1,3.5225700844695744,147.5789870891582,HB3
5,PRO,45,A,PRO,41,B,CD,O,3.4176161282390973,128.74460827247609,HD3
6,THR,56,A,GLU,82,B,CG2,O,3.4197222109405345,134.90804030822113,HG21
7,ALA,88,A,GLY,86,B,CB,O,3.4669438991711345,111.99455107434068,HB2
8,PRO,173,A,SER,347,B,CD,O,3.255042242429427,110.94826793892611,HD2
9,TRP,341,A,GLU,345,B,CB,OE2,3.533666650944876,112.52432409645112,HB2
10,TRP,341,A,GLU,345,B,CE3,OE2,3.5646738981286927,149.83630493451645,HE3
11,ARG,348,A,LEU,171,B,CA,O,3.2509383260837312,148.58070090572923,HA
12,GLN,350,A,ARG,282,B,CA,O,3.2573148450832945,143.835967426615,HA
13,TRP,11,A,GLN,10,B,O,CA,3.257176691553595,140.6897290631166,HA
14,PRO,41,A,PRO,45,B,O,CD,3.2474297528968963,132.88078470882758,HD3
15,PRO,41,A,PRO,45,B,O,CG,3.5913924876014236,120.21532958568454,HG3
16,GLU,82,A,THR,56,B,O,CG2,3.573079903948418,129.660500826517,HG23
17,PRO,57,A,PRO,85,B,O,CG,3.5895125017194247,158.68096299195153,HG2
18,GLN,344,A,THR,87,B,OE1,CG2,3.4073156589902327,140.80956319036773,HG21
19,GLY,86,A,ALA,88,B,O,CB,3.3716613115792002,116.96004020319681,HB1
20,GLN,350,A,PHE,165,B,OE1,CE2,3.5330440133120216,166.81454310090658,HE2
21,SER,347,A,PRO,173,B,O,CD,3.2298761586166163,115.03419098742839,HD3
22,THR,351,A,ARG,282,B,O,CA,3.434195684581755,128.01246802763043,HA
23,THR,351,A,ARG,282,B,O,CB,3.3546385796386384,114.08224415015275,HB3
24,THR,351,A,ARG,282,B,O,CG,3.572814016989965,123.54862397836145,HG2
25,GLN,350,A,PHE,283,B,OE1,CE1,3.3462068077152707,151.3997258988262,HE1
26,GLU,345,A,LYS,338,B,OE1,CG,3.4007352146263985,127.07786956780652,HG2
27,LEU,171,A,ARG,348,B,O,CA,3.308972650234522,148.03285186275815,HA
28,PHE,283,A,TYR,349,B,O,CD2,3.57112027240753,162.0545313294403,HD2
29,ARG,282,A,GLN,350,B,O,CA,3.2560558963261017,146.27254429431318,HA
