,Res. Name 1,Res. Number 1,Chain 1,Res. Name 2,Res. Number 2,Chain 2,Atom 1,Atom 2,Distance (Å),Theta °,H Atom
0,U,23,A,ARG,2,B,C5,O,3.394985272427555,129.68542787577329,H5
1,U,23,A,ARG,2,B,C6,O,3.5613549387838335,114.9560555903981,H6
2,A,29,A,ARG,11,B,C2,O,3.129212201177798 *,124.24195715966894,H2
3,G,5,A,THR,1,B,O2',CG2,3.41419756311787,151.65107265589396,HG21
4,A,7,A,THR,1,B,OP2,CG2,3.010708554476836 *,123.20868009956486,HG23
5,C,22,A,ARG,2,B,OP2,CB,3.2533057034345854,124.78295132789533,HB2
6,C,22,A,ARG,2,B,OP2,CD,2.94582365392092 *,131.47480444946333,HD3
7,A,7,A,GLN,3,B,N7,CG,3.193389421915216 *,129.8395070662286,HG2
8,G,5,A,ALA,4,B,OP2,CB,3.137229988381471 *,127.84664497393118,HB3
9,G,5,A,ALA,4,B,O5',CB,3.4925655326707905,173.2178774826761,HB3
10,G,5,A,ALA,4,B,O2',CB,3.441925914368291,119.71858284183412,HB1
11,U,23,A,ARG,5,B,OP1,CG,3.3969342060157715,127.62406925626814,HG3
12,U,23,A,ARG,6,B,O4,CD,3.4788276761000962,157.75645591808657,HD2
13,G,5,A,ASN,7,B,N7,CB,3.106143267784022 *,116.19652610253704,HB3
14,G,5,A,ARG,8,B,OP2,CB,3.1486938561886255 *,143.18524659439603,HB2
15,C,3,A,ARG,11,B,OP2,CB,3.054761856511895 *,132.11385362544866,HB3
16,C,3,A,ARG,11,B,OP2,CD,3.1170686550026447 *,135.61952569653377,HD3
17,U,4,A,ARG,11,B,O4,CD,3.3109269094922644,145.02617865708342,HD2
18,A,29,A,ARG,15,B,N1,CG,3.363308192836332,136.9527912124568,HG3
