,Res. Name 1,Res. Number 1,Chain 1,Res. Name 2,Res. Number 2,Chain 2,Atom 1,Atom 2,Distance (Å),Theta °,H Atom
0,GLN,10,A,TRP,11,B,CA,O,3.1481264269403204 *,130.04167007614055,HA
1,PRO,45,A,PRO,41,B,CG,O,3.5395762458237767,112.4620137978424,HG3
2,VAL,84,A,GLN,344,B,CG1,O,3.4503333172318222,158.28518383064832,HG12
3,PHE,165,A,GLN,350,B,CE2,OE1,3.0547831346922103 *,125.99447431638268,HE2
4,PRO,173,A,SER,347,B,CD,O,3.374285109471337,121.60858031336838,HD3
5,PRO,173,A,GLN,127,B,CG,OE1,3.3516264708347205,124.44286201569872,HG3
6,LYS,338,A,GLU,345,B,CG,OE1,3.5815359833457023,158.69895789050764,HG2
7,TRP,341,A,GLU,345,B,CB,OE2,3.4903008466319982,115.39047971018934,HB2
8,ARG,348,A,LEU,171,B,CA,O,3.3294594155808577,138.69873231422574,HA
9,TRP,11,A,GLN,10,B,O,CB,3.1714980687366032 *,149.9187942205142,HB3
10,PRO,9,A,SER,12,B,O,CA,3.22705748321904,150.88751105119266,HA
11,SER,81,A,PRO,51,B,O,CB,3.4497246266912445,119.55776059121229,HB2
12,GLY,86,A,ALA,88,B,O,CA,3.4834752762148304,123.70047203388278,HA
13,THR,351,A,ARG,282,B,O,CB,3.4002646955788633,112.11727283895033,HB3
14,THR,351,A,ARG,282,B,O,CG,3.2759884004678694,120.02234872229984,HG2
15,GLU,172,A,SER,347,B,OE1,CB,3.239043068562067,110.11127082366846,HB2
16,LEU,171,A,TYR,349,B,O,CB,3.3575437450612506,116.53760551943571,HB3
17,PHE,283,A,TYR,349,B,O,CD2,3.2554415983088973,140.75488858281057,HD2
18,ARG,282,A,GLN,350,B,O,CA,3.5786170513202333,149.26493540002255,HA
