,Res. Name 1,Res. Number 1,Chain 1,Res. Name 2,Res. Number 2,Chain 2,Distance (Å),Theta °,Gamma °
0,TRP,11,A,TRP,13,B,4.145685843272623,16.233616782378657,77.54180497267437
1,PHE,31,A,PHE,31,B,5.270013177297465,49.45067611748943,82.13948407973939
2,TYR,44,A,TYR,44,B,4.201759552060677,23.90998071011826,77.677765380537
