,Res. Name 1,Res. Number 1,Chain 1,Res. Name 2,Res. Number 2,Chain 2,Atom 1,Atom 2,Distance (Å),Theta °,H Atom
0,GLN,10,A,TRP,11,B,CA,O,3.497270364155458,143.68292003964217,HA
1,TRP,11,A,CYS,16,B,CB,SG,3.5004856805877638,115.93157388543464,HB2
2,LEU,20,A,GLN,23,B,CG,OE1,3.389100175562822,137.54847087359838,HG
3,PRO,45,A,PRO,41,B,CD,O,3.153696244092 *,120.47444145632427,HD3
4,PRO,45,A,PRO,41,B,CG,O,3.507962371519961,117.95331906677751,HG3
5,VAL,84,A,GLN,344,B,CG1,O,3.5521261238869415,153.90579554297892,HG12
6,ALA,88,A,GLY,86,B,CA,O,3.5975130298582596,110.33969379468626,HA
7,GLU,172,A,SER,347,B,CA,O,3.4765068675324007,135.11311453696842,HA
8,PRO,173,A,GLN,127,B,CG,OE1,3.5684310277767772,134.01918336675752,HG3
9,ARG,282,A,THR,351,B,CG,O,3.420540892899839,119.01080473242394,HG2
10,LEU,325,A,GLN,127,B,CD2,OE1,3.5097720723716566,127.56621444633159,HD23
11,LYS,338,A,GLU,345,B,CG,OE1,3.5842014452315594,163.8353409233668,HG2
12,ARG,348,A,LEU,171,B,CA,O,3.370771425059844,160.88524777179953,HA
13,GLN,350,A,ARG,282,B,CA,O,3.35752885318951,129.9506149075823,HA
14,GLN,350,A,ARG,282,B,CG,O,3.361912550915034,129.2510603294002,HG3
15,PRO,9,A,TRP,13,B,O,CD1,3.1067989957510878 *,112.91952598761124,HD1
16,ASN,46,A,PHE,50,B,OD1,CE1,3.355026080375526,152.31166573585966,HE1
17,GLU,82,A,THR,54,B,OE2,CG2,3.4457800278021278,110.0822595219417,HG22
18,GLU,82,A,THR,56,B,O,CB,3.3074007921629334,110.34790868581518,HB
19,PRO,85,A,HIS,59,B,O,CD2,3.383888296028694,134.99903728753884,HD2
20,GLN,344,A,VAL,84,B,O,CG1,3.17990565897795 *,118.36848159077489,HG13
21,GLY,86,A,ALA,88,B,O,CB,3.5951495101038544,141.7554441875393,HB1
22,THR,351,A,ARG,282,B,O,CA,3.2995908837308905,140.58924980383716,HA
23,THR,351,A,ARG,282,B,O,CG,3.574283144911722,124.87029303104326,HG2
24,GLU,345,A,LEU,334,B,O,CD1,3.5992499218587155,139.7599324912249,HD11
25,LEU,171,A,ARG,348,B,O,CA,3.3279573314572386,136.6005113035112,HA
26,ARG,282,A,GLN,350,B,O,CA,3.3860005906673964,143.1715221439998,HA
