,Res. Name 1,Res. Number 1,Chain 1,Res. Name 2,Res. Number 2,Chain 2,Distance (Å),Theta °,Gamma °
0,TRP,11,A,TRP,13,B,4.435101429658413,26.043020110597215,80.58219395458121
1,TRP,13,A,TRP,11,B,4.75572806021496,44.99489080455676,81.74544819701686
2,TYR,44,A,TYR,44,B,3.7373505172633603,22.114178332827347,74.71632385444352
