,Res. Name 1,Res. Number 1,Chain 1,Res. Name 2,Res. Number 2,Chain 2,Atom 1,Atom 2,Distance (Å),Theta °,H Atom
0,GLN,10,A,TRP,11,B,CA,O,3.2574529927536986,128.46929884295417,HA
1,GLN,10,A,TRP,11,B,CG,O,3.4196344833914663,116.95497604705938,HG2
2,GLN,23,A,GLN,23,B,CG,OE1,3.51051278305607,124.31670878616175,HG2
3,VAL,84,A,GLN,344,B,CG2,O,3.5050820247178236,141.09407539908239,HG23
4,PRO,85,A,ASP,52,B,CB,OD1,3.2873241397829918,111.07306241205228,HB3
5,PRO,85,A,THR,56,B,CG,O,3.569397708297577,129.7148092935027,HG2
6,PRO,85,A,PRO,57,B,CG,O,3.456718096692298,151.3352816143966,HG2
7,ALA,88,A,GLY,86,B,CA,O,3.3133215962233424,120.09913934203631,HA
8,ALA,88,A,GLY,86,B,CB,O,3.1707885454567983 *,132.22691055088458,HB3
9,PHE,165,A,GLN,350,B,CE2,OE1,3.44071213559054,132.74064185780767,HE2
10,PRO,173,A,SER,347,B,CD,O,3.4082546853191547,123.56551633483794,HD2
11,ARG,282,A,THR,351,B,CG,O,3.4250985387284967,113.09645416373311,HG2
12,LYS,338,A,GLU,346,B,CE,OE1,2.861188564215921 *,110.61547849486462,HE3
13,TYR,349,A,LEU,171,B,CB,O,3.399455838807141,114.06589250975925,HB3
14,GLN,350,A,ARG,282,B,CA,O,3.419678347447313,141.29438739266274,HA
15,GLN,10,A,GLN,10,B,OE1,CB,3.4198684185213857,144.5896938527435,HB2
16,TRP,11,A,GLN,10,B,O,CB,3.2960279125031677,123.37430362346696,HB3
17,TRP,11,A,GLN,10,B,O,CG,3.4176600181995753,117.8694162238392,HG2
18,SER,81,A,PRO,51,B,O,CB,3.5152809276073524,165.34647403595082,HB3
19,GLU,82,A,THR,56,B,O,CG2,3.2912915398062115,139.83739270312546,HG23
20,PRO,85,A,HIS,59,B,O,CD2,3.563621753216793,141.03633073704353,HD2
21,PRO,51,A,PRO,85,B,O,CB,3.588495506476224,134.38369236619388,HB3
22,GLY,86,A,ALA,88,B,O,CB,3.2335429485318428,144.71641032339363,HB2
23,GLN,350,A,PHE,165,B,OE1,CE2,3.595079971294091,154.05966584392183,HE2
24,SER,347,A,PRO,173,B,O,CD,3.3686941089983264,117.88481453726105,HD2
25,THR,351,A,ARG,282,B,O,CA,3.2014527952165683 *,122.7881621256192,HA
26,THR,351,A,ARG,282,B,O,CG,3.4042767220071832,112.2013088019626,HG2
27,GLU,345,A,LYS,338,B,OE1,CD,3.587255218129869,118.63241525165925,HD2
28,LEU,171,A,ARG,348,B,O,CA,3.3236425800618155,149.85992618247096,HA
29,ARG,282,A,GLN,350,B,O,CA,3.361279518278715,139.028670256177,HA
