,Res. Name 1,Res. Number 1,Chain 1,Res. Name 2,Res. Number 2,Chain 2,Distance (Å),Theta °,Gamma °
0,PHE,31,A,PHE,31,B,5.4439887847872,48.20898963912068,79.56281192172824
1,TYR,44,A,TYR,44,B,4.210291953455647,38.68031240544621,76.29242195370811
